[
{
   "model": "quiz.exam",
   "pk": 2,
   "fields": {
      "create_timestamp": "2023-03-27T20:21:39.910Z",
      "update_timestamp": "2023-03-27T20:29:46.776Z",
      "uuid": "f675a340-189d-4531-9832-e216618f0cb8",
      "title": "Small Math Quiz",
      "description": "Small Math Quiz Test",
      "level": 0
   }
},
{
   "model": "quiz.exam",
   "pk": 3,
   "fields": {
      "create_timestamp": "2023-03-27T20:34:51.623Z",
      "update_timestamp": "2023-03-27T20:34:51.623Z",
      "uuid": "1ef0bccf-d0f5-4311-b8af-b32e24442c2c",
      "title": "Math quiz lvl 2",
      "description": "Middle Math test",
      "level": 1
   }
},
{
   "model": "quiz.question",
   "pk": 12,
   "fields": {
      "create_timestamp": "2023-03-27T20:21:39.912Z",
      "update_timestamp": "2023-03-27T20:22:46.549Z",
      "exam": 2,
      "order_num": 1,
      "text": "2 + 2 = ?",
      "image": ""
   }
},
{
   "model": "quiz.question",
   "pk": 13,
   "fields": {
      "create_timestamp": "2023-03-27T20:21:39.913Z",
      "update_timestamp": "2023-03-27T20:22:58.617Z",
      "exam": 2,
      "order_num": 2,
      "text": "5 + 4 = ?",
      "image": ""
   }
},
{
   "model": "quiz.question",
   "pk": 14,
   "fields": {
      "create_timestamp": "2023-03-27T20:21:39.913Z",
      "update_timestamp": "2023-03-27T20:23:12.457Z",
      "exam": 2,
      "order_num": 3,
      "text": "6 * 8 = ?",
      "image": ""
   }
},
{
   "model": "quiz.question",
   "pk": 15,
   "fields": {
      "create_timestamp": "2023-03-27T20:21:39.915Z",
      "update_timestamp": "2023-03-27T20:23:24.066Z",
      "exam": 2,
      "order_num": 4,
      "text": "4 - 1 = ?",
      "image": ""
   }
},
{
   "model": "quiz.question",
   "pk": 16,
   "fields": {
      "create_timestamp": "2023-03-27T20:21:39.916Z",
      "update_timestamp": "2023-03-27T20:23:36.644Z",
      "exam": 2,
      "order_num": 5,
      "text": "6 / 3 = ?",
      "image": ""
   }
},
{
   "model": "quiz.question",
   "pk": 17,
   "fields": {
      "create_timestamp": "2023-03-27T20:21:39.916Z",
      "update_timestamp": "2023-03-27T20:23:55.023Z",
      "exam": 2,
      "order_num": 6,
      "text": "3 - 1 = ?",
      "image": ""
   }
},
{
   "model": "quiz.question",
   "pk": 18,
   "fields": {
      "create_timestamp": "2023-03-27T20:21:39.916Z",
      "update_timestamp": "2023-03-27T20:24:10.532Z",
      "exam": 2,
      "order_num": 7,
      "text": "9 * 0 = ?",
      "image": ""
   }
},
{
   "model": "quiz.question",
   "pk": 19,
   "fields": {
      "create_timestamp": "2023-03-27T20:21:39.916Z",
      "update_timestamp": "2023-03-27T20:24:22.708Z",
      "exam": 2,
      "order_num": 8,
      "text": "4 + 7 = ?",
      "image": ""
   }
},
{
   "model": "quiz.question",
   "pk": 20,
   "fields": {
      "create_timestamp": "2023-03-27T20:29:46.778Z",
      "update_timestamp": "2023-03-27T20:30:08.124Z",
      "exam": 2,
      "order_num": 9,
      "text": "8 + 3 = ?",
      "image": ""
   }
},
{
   "model": "quiz.question",
   "pk": 21,
   "fields": {
      "create_timestamp": "2023-03-27T20:29:46.778Z",
      "update_timestamp": "2023-03-27T20:30:27.368Z",
      "exam": 2,
      "order_num": 10,
      "text": "5 + 13 = ?",
      "image": ""
   }
},
{
   "model": "quiz.question",
   "pk": 22,
   "fields": {
      "create_timestamp": "2023-03-27T20:29:46.779Z",
      "update_timestamp": "2023-03-27T20:30:43.654Z",
      "exam": 2,
      "order_num": 11,
      "text": "90 - 20 = ?",
      "image": ""
   }
},
{
   "model": "quiz.question",
   "pk": 23,
   "fields": {
      "create_timestamp": "2023-03-27T20:34:51.625Z",
      "update_timestamp": "2023-03-27T20:35:12.943Z",
      "exam": 3,
      "order_num": 1,
      "text": "(2 + 2) * 2 = ?",
      "image": ""
   }
},
{
   "model": "quiz.question",
   "pk": 24,
   "fields": {
      "create_timestamp": "2023-03-27T20:34:51.626Z",
      "update_timestamp": "2023-03-27T20:35:40.471Z",
      "exam": 3,
      "order_num": 2,
      "text": "1000 - 7 = ?",
      "image": ""
   }
},
{
   "model": "quiz.question",
   "pk": 25,
   "fields": {
      "create_timestamp": "2023-03-27T20:34:51.626Z",
      "update_timestamp": "2023-03-27T20:36:01.114Z",
      "exam": 3,
      "order_num": 3,
      "text": "69 * 69 = ?",
      "image": ""
   }
},
{
   "model": "quiz.question",
   "pk": 26,
   "fields": {
      "create_timestamp": "2023-03-27T20:34:51.626Z",
      "update_timestamp": "2023-03-27T20:36:17.877Z",
      "exam": 3,
      "order_num": 4,
      "text": "1000 - 7 = ?",
      "image": ""
   }
},
{
   "model": "quiz.question",
   "pk": 27,
   "fields": {
      "create_timestamp": "2023-03-27T20:34:51.626Z",
      "update_timestamp": "2023-03-27T20:36:51.162Z",
      "exam": 3,
      "order_num": 5,
      "text": "150 + 150 = ?",
      "image": ""
   }
},
{
   "model": "quiz.question",
   "pk": 28,
   "fields": {
      "create_timestamp": "2023-03-27T20:34:51.626Z",
      "update_timestamp": "2023-03-27T20:37:13.751Z",
      "exam": 3,
      "order_num": 6,
      "text": "312 + 321 = ?",
      "image": ""
   }
},
{
   "model": "quiz.question",
   "pk": 29,
   "fields": {
      "create_timestamp": "2023-03-27T20:34:51.627Z",
      "update_timestamp": "2023-03-27T20:37:37.758Z",
      "exam": 3,
      "order_num": 7,
      "text": "1234 + 234 = ?",
      "image": ""
   }
},
{
   "model": "quiz.question",
   "pk": 30,
   "fields": {
      "create_timestamp": "2023-03-27T20:34:51.627Z",
      "update_timestamp": "2023-03-27T20:38:05.199Z",
      "exam": 3,
      "order_num": 8,
      "text": "234 - 12 = ?",
      "image": ""
   }
},
{
   "model": "quiz.question",
   "pk": 31,
   "fields": {
      "create_timestamp": "2023-03-27T20:34:51.627Z",
      "update_timestamp": "2023-03-27T20:38:27.938Z",
      "exam": 3,
      "order_num": 9,
      "text": "652 * 2 = ?",
      "image": ""
   }
},
{
   "model": "quiz.question",
   "pk": 32,
   "fields": {
      "create_timestamp": "2023-03-27T20:34:51.627Z",
      "update_timestamp": "2023-03-27T20:38:45.997Z",
      "exam": 3,
      "order_num": 10,
      "text": "2331 / 3 = ?",
      "image": ""
   }
},
{
   "model": "quiz.question",
   "pk": 33,
   "fields": {
      "create_timestamp": "2023-03-27T20:34:51.627Z",
      "update_timestamp": "2023-03-27T20:39:04.755Z",
      "exam": 3,
      "order_num": 11,
      "text": "232345 + 0 = ?",
      "image": ""
   }
},
{
   "model": "quiz.choice",
   "pk": 10,
   "fields": {
      "question": 12,
      "text": "5",
      "is_correct": false
   }
},
{
   "model": "quiz.choice",
   "pk": 11,
   "fields": {
      "question": 12,
      "text": "3",
      "is_correct": false
   }
},
{
   "model": "quiz.choice",
   "pk": 12,
   "fields": {
      "question": 12,
      "text": "8",
      "is_correct": false
   }
},
{
   "model": "quiz.choice",
   "pk": 13,
   "fields": {
      "question": 12,
      "text": "4",
      "is_correct": true
   }
},
{
   "model": "quiz.choice",
   "pk": 14,
   "fields": {
      "question": 13,
      "text": "3",
      "is_correct": false
   }
},
{
   "model": "quiz.choice",
   "pk": 15,
   "fields": {
      "question": 13,
      "text": "5",
      "is_correct": false
   }
},
{
   "model": "quiz.choice",
   "pk": 16,
   "fields": {
      "question": 13,
      "text": "7",
      "is_correct": false
   }
},
{
   "model": "quiz.choice",
   "pk": 17,
   "fields": {
      "question": 13,
      "text": "9",
      "is_correct": true
   }
},
{
   "model": "quiz.choice",
   "pk": 18,
   "fields": {
      "question": 14,
      "text": "45",
      "is_correct": false
   }
},
{
   "model": "quiz.choice",
   "pk": 19,
   "fields": {
      "question": 14,
      "text": "26",
      "is_correct": false
   }
},
{
   "model": "quiz.choice",
   "pk": 20,
   "fields": {
      "question": 14,
      "text": "48",
      "is_correct": true
   }
},
{
   "model": "quiz.choice",
   "pk": 21,
   "fields": {
      "question": 14,
      "text": "55",
      "is_correct": false
   }
},
{
   "model": "quiz.choice",
   "pk": 22,
   "fields": {
      "question": 15,
      "text": "3",
      "is_correct": true
   }
},
{
   "model": "quiz.choice",
   "pk": 23,
   "fields": {
      "question": 15,
      "text": "2",
      "is_correct": false
   }
},
{
   "model": "quiz.choice",
   "pk": 24,
   "fields": {
      "question": 15,
      "text": "6",
      "is_correct": false
   }
},
{
   "model": "quiz.choice",
   "pk": 25,
   "fields": {
      "question": 15,
      "text": "-1",
      "is_correct": false
   }
},
{
   "model": "quiz.choice",
   "pk": 26,
   "fields": {
      "question": 16,
      "text": "5",
      "is_correct": false
   }
},
{
   "model": "quiz.choice",
   "pk": 27,
   "fields": {
      "question": 16,
      "text": "3",
      "is_correct": false
   }
},
{
   "model": "quiz.choice",
   "pk": 28,
   "fields": {
      "question": 16,
      "text": "2",
      "is_correct": true
   }
},
{
   "model": "quiz.choice",
   "pk": 29,
   "fields": {
      "question": 16,
      "text": "0",
      "is_correct": false
   }
},
{
   "model": "quiz.choice",
   "pk": 30,
   "fields": {
      "question": 17,
      "text": "5",
      "is_correct": false
   }
},
{
   "model": "quiz.choice",
   "pk": 31,
   "fields": {
      "question": 17,
      "text": "3",
      "is_correct": false
   }
},
{
   "model": "quiz.choice",
   "pk": 32,
   "fields": {
      "question": 17,
      "text": "2",
      "is_correct": true
   }
},
{
   "model": "quiz.choice",
   "pk": 33,
   "fields": {
      "question": 17,
      "text": "33",
      "is_correct": false
   }
},
{
   "model": "quiz.choice",
   "pk": 34,
   "fields": {
      "question": 18,
      "text": "0",
      "is_correct": true
   }
},
{
   "model": "quiz.choice",
   "pk": 35,
   "fields": {
      "question": 18,
      "text": "90",
      "is_correct": false
   }
},
{
   "model": "quiz.choice",
   "pk": 36,
   "fields": {
      "question": 18,
      "text": "9",
      "is_correct": false
   }
},
{
   "model": "quiz.choice",
   "pk": 37,
   "fields": {
      "question": 18,
      "text": "10",
      "is_correct": false
   }
},
{
   "model": "quiz.choice",
   "pk": 38,
   "fields": {
      "question": 19,
      "text": "18",
      "is_correct": false
   }
},
{
   "model": "quiz.choice",
   "pk": 39,
   "fields": {
      "question": 19,
      "text": "11",
      "is_correct": true
   }
},
{
   "model": "quiz.choice",
   "pk": 40,
   "fields": {
      "question": 19,
      "text": "14",
      "is_correct": false
   }
},
{
   "model": "quiz.choice",
   "pk": 41,
   "fields": {
      "question": 19,
      "text": "15",
      "is_correct": false
   }
},
{
   "model": "quiz.choice",
   "pk": 42,
   "fields": {
      "question": 20,
      "text": "22",
      "is_correct": false
   }
},
{
   "model": "quiz.choice",
   "pk": 43,
   "fields": {
      "question": 20,
      "text": "11",
      "is_correct": true
   }
},
{
   "model": "quiz.choice",
   "pk": 44,
   "fields": {
      "question": 20,
      "text": "23",
      "is_correct": false
   }
},
{
   "model": "quiz.choice",
   "pk": 45,
   "fields": {
      "question": 20,
      "text": "0",
      "is_correct": false
   }
},
{
   "model": "quiz.choice",
   "pk": 46,
   "fields": {
      "question": 21,
      "text": "13",
      "is_correct": false
   }
},
{
   "model": "quiz.choice",
   "pk": 47,
   "fields": {
      "question": 21,
      "text": "5",
      "is_correct": false
   }
},
{
   "model": "quiz.choice",
   "pk": 48,
   "fields": {
      "question": 21,
      "text": "I DON'T KNOW",
      "is_correct": false
   }
},
{
   "model": "quiz.choice",
   "pk": 49,
   "fields": {
      "question": 21,
      "text": "18",
      "is_correct": true
   }
},
{
   "model": "quiz.choice",
   "pk": 50,
   "fields": {
      "question": 22,
      "text": "70",
      "is_correct": true
   }
},
{
   "model": "quiz.choice",
   "pk": 51,
   "fields": {
      "question": 22,
      "text": "40",
      "is_correct": false
   }
},
{
   "model": "quiz.choice",
   "pk": 52,
   "fields": {
      "question": 22,
      "text": "45",
      "is_correct": false
   }
},
{
   "model": "quiz.choice",
   "pk": 53,
   "fields": {
      "question": 22,
      "text": "50",
      "is_correct": false
   }
},
{
   "model": "quiz.choice",
   "pk": 54,
   "fields": {
      "question": 23,
      "text": "4",
      "is_correct": false
   }
},
{
   "model": "quiz.choice",
   "pk": 55,
   "fields": {
      "question": 23,
      "text": "2",
      "is_correct": false
   }
},
{
   "model": "quiz.choice",
   "pk": 56,
   "fields": {
      "question": 23,
      "text": "7",
      "is_correct": false
   }
},
{
   "model": "quiz.choice",
   "pk": 57,
   "fields": {
      "question": 23,
      "text": "8",
      "is_correct": true
   }
},
{
   "model": "quiz.choice",
   "pk": 58,
   "fields": {
      "question": 24,
      "text": "993",
      "is_correct": true
   }
},
{
   "model": "quiz.choice",
   "pk": 59,
   "fields": {
      "question": 24,
      "text": "1007",
      "is_correct": false
   }
},
{
   "model": "quiz.choice",
   "pk": 60,
   "fields": {
      "question": 24,
      "text": "1000",
      "is_correct": false
   }
},
{
   "model": "quiz.choice",
   "pk": 61,
   "fields": {
      "question": 24,
      "text": "ZXC",
      "is_correct": false
   }
},
{
   "model": "quiz.choice",
   "pk": 62,
   "fields": {
      "question": 25,
      "text": "12313",
      "is_correct": false
   }
},
{
   "model": "quiz.choice",
   "pk": 63,
   "fields": {
      "question": 25,
      "text": "4761",
      "is_correct": true
   }
},
{
   "model": "quiz.choice",
   "pk": 64,
   "fields": {
      "question": 25,
      "text": "8892",
      "is_correct": false
   }
},
{
   "model": "quiz.choice",
   "pk": 65,
   "fields": {
      "question": 25,
      "text": "5593",
      "is_correct": false
   }
},
{
   "model": "quiz.choice",
   "pk": 66,
   "fields": {
      "question": 26,
      "text": "1000",
      "is_correct": false
   }
},
{
   "model": "quiz.choice",
   "pk": 67,
   "fields": {
      "question": 26,
      "text": "993",
      "is_correct": true
   }
},
{
   "model": "quiz.choice",
   "pk": 68,
   "fields": {
      "question": 26,
      "text": "1000",
      "is_correct": false
   }
},
{
   "model": "quiz.choice",
   "pk": 69,
   "fields": {
      "question": 26,
      "text": "289",
      "is_correct": false
   }
},
{
   "model": "quiz.choice",
   "pk": 70,
   "fields": {
      "question": 27,
      "text": "1500",
      "is_correct": false
   }
},
{
   "model": "quiz.choice",
   "pk": 71,
   "fields": {
      "question": 27,
      "text": "300",
      "is_correct": true
   }
},
{
   "model": "quiz.choice",
   "pk": 72,
   "fields": {
      "question": 27,
      "text": "Three hundred bucks",
      "is_correct": false
   }
},
{
   "model": "quiz.choice",
   "pk": 73,
   "fields": {
      "question": 27,
      "text": "555",
      "is_correct": false
   }
},
{
   "model": "quiz.choice",
   "pk": 74,
   "fields": {
      "question": 28,
      "text": "633",
      "is_correct": true
   }
},
{
   "model": "quiz.choice",
   "pk": 75,
   "fields": {
      "question": 28,
      "text": "123",
      "is_correct": false
   }
},
{
   "model": "quiz.choice",
   "pk": 76,
   "fields": {
      "question": 28,
      "text": "532",
      "is_correct": false
   }
},
{
   "model": "quiz.choice",
   "pk": 77,
   "fields": {
      "question": 28,
      "text": "632",
      "is_correct": false
   }
},
{
   "model": "quiz.choice",
   "pk": 78,
   "fields": {
      "question": 29,
      "text": "1468",
      "is_correct": true
   }
},
{
   "model": "quiz.choice",
   "pk": 79,
   "fields": {
      "question": 29,
      "text": "1231",
      "is_correct": false
   }
},
{
   "model": "quiz.choice",
   "pk": 80,
   "fields": {
      "question": 29,
      "text": "5214",
      "is_correct": false
   }
},
{
   "model": "quiz.choice",
   "pk": 81,
   "fields": {
      "question": 29,
      "text": "1236",
      "is_correct": false
   }
},
{
   "model": "quiz.choice",
   "pk": 82,
   "fields": {
      "question": 30,
      "text": "213",
      "is_correct": false
   }
},
{
   "model": "quiz.choice",
   "pk": 83,
   "fields": {
      "question": 30,
      "text": "151",
      "is_correct": false
   }
},
{
   "model": "quiz.choice",
   "pk": 84,
   "fields": {
      "question": 30,
      "text": "222",
      "is_correct": true
   }
},
{
   "model": "quiz.choice",
   "pk": 85,
   "fields": {
      "question": 30,
      "text": "421",
      "is_correct": false
   }
},
{
   "model": "quiz.choice",
   "pk": 86,
   "fields": {
      "question": 31,
      "text": "2312",
      "is_correct": false
   }
},
{
   "model": "quiz.choice",
   "pk": 87,
   "fields": {
      "question": 31,
      "text": "1304",
      "is_correct": true
   }
},
{
   "model": "quiz.choice",
   "pk": 88,
   "fields": {
      "question": 31,
      "text": "532",
      "is_correct": false
   }
},
{
   "model": "quiz.choice",
   "pk": 89,
   "fields": {
      "question": 31,
      "text": "2313",
      "is_correct": false
   }
},
{
   "model": "quiz.choice",
   "pk": 90,
   "fields": {
      "question": 32,
      "text": "3213",
      "is_correct": false
   }
},
{
   "model": "quiz.choice",
   "pk": 91,
   "fields": {
      "question": 32,
      "text": "4214",
      "is_correct": false
   }
},
{
   "model": "quiz.choice",
   "pk": 92,
   "fields": {
      "question": 32,
      "text": "888",
      "is_correct": false
   }
},
{
   "model": "quiz.choice",
   "pk": 93,
   "fields": {
      "question": 32,
      "text": "777",
      "is_correct": true
   }
},
{
   "model": "quiz.choice",
   "pk": 94,
   "fields": {
      "question": 33,
      "text": "0",
      "is_correct": false
   }
},
{
   "model": "quiz.choice",
   "pk": 95,
   "fields": {
      "question": 33,
      "text": "00",
      "is_correct": false
   }
},
{
   "model": "quiz.choice",
   "pk": 96,
   "fields": {
      "question": 33,
      "text": "007",
      "is_correct": false
   }
},
{
   "model": "quiz.choice",
   "pk": 97,
   "fields": {
      "question": 33,
      "text": "232345",
      "is_correct": true
   }
}
]
